,交易日期,小单主动买入占比,中单主动买入占比,大单主动买入占比
0,20230331,0.10066454207486365,0.23294289015701286,0.10066454207486365
1,20230330,0.09266360743624237,0.22609467313761997,0.09266360743624237
2,20230329,0.09485369188338853,0.2297726199359312,0.09485369188338853
3,20230328,0.08914935611254757,0.22668062632376845,0.08914935611254757
4,20230327,0.10114172843069504,0.23939176851214164,0.10114172843069504
5,20230324,0.10137112254307744,0.23809303934348822,0.10137112254307744
6,20230323,0.10679615623537542,0.23994791045011662,0.10679615623537542
7,20230322,0.09642419510244668,0.23316996663843026,0.09642419510244668
8,20230321,0.08785633150214973,0.22797399692163559,0.08785633150214973
9,20230320,0.09320639532093163,0.22937468581758055,0.09320639532093163
10,20230317,0.10910984995912809,0.23555678782223421,0.10910984995912809
11,20230316,0.07547072097758337,0.21350139784190134,0.07547072097758337
12,20230315,0.08399843867212038,0.22318704461026737,0.08399843867212038
13,20230314,0.08074630719536159,0.222585629430957,0.08074630719536159
14,20230313,0.08993513525447783,0.22246381209461216,0.08993513525447783
15,20230310,0.0750490099559878,0.21239453931508862,0.0750490099559878
16,20230309,0.07847643874780441,0.21742003810401134,0.07847643874780441
17,20230308,0.07667152186331763,0.21432061614975573,0.07667152186331763
18,20230307,0.07762378636779403,0.21435545516282695,0.07762378636779403
19,20230306,0.08453825832034761,0.22386410289682296,0.08453825832034761
20,20230303,0.09113081469619017,0.22732611215470594,0.09113081469619017
21,20230302,0.08673331253504869,0.22616769873905235,0.08673331253504869
22,20230301,0.10336138208708774,0.23228612761606293,0.10336138208708774
23,20230228,0.0839039194263678,0.21337267193523055,0.0839039194263678
24,20230227,0.0686401888346593,0.21084894384785305,0.0686401888346593
25,20230224,0.07516241884638104,0.21204356800280696,0.07516241884638104
26,20230223,0.07647966419267002,0.21652087024957337,0.07647966419267002
27,20230222,0.07949638936907936,0.21690294620552197,0.07949638936907936
28,20230221,0.08615196921455591,0.22689488973205657,0.08615196921455591
29,20230220,0.09756222711963702,0.23082134464604523,0.09756222711963702
30,20230217,0.07641824537401828,0.213663387027059,0.07641824537401828
31,20230216,0.08591020614264354,0.2249245662024361,0.08591020614264354
32,20230215,0.08888045027486503,0.22626407658118095,0.08888045027486503
33,20230214,0.08222553019684666,0.22374677411223826,0.08222553019684666
34,20230213,0.09411321184370565,0.22934918725719822,0.09411321184370565
35,20230210,0.07827112338406589,0.22103972121175444,0.07827112338406589
36,20230209,0.09337870070059923,0.22754459501822372,0.09337870070059923
37,20230208,0.0760273622336065,0.21456822950013746,0.0760273622336065
38,20230207,0.08074085555725531,0.22317708713518644,0.08074085555725531
39,20230206,0.08065974407056375,0.2187117407783506,0.08065974407056375
40,20230203,0.08154854733851362,0.21865965379312144,0.08154854733851362
41,20230202,0.08265912865134008,0.2246388565818495,0.08265912865134008
42,20230201,0.09873679363816594,0.2312413506964434,0.09873679363816594
43,20230131,0.08381375688636995,0.22104280473236773,0.08381375688636995
44,20230130,0.10610682860618267,0.23282999722467568,0.10610682860618267
45,20230120,0.10436651946270463,0.23001469840310568,0.10436651946270463
46,20230119,0.08765390815375775,0.22043475650851863,0.08765390815375775
47,20230118,0.07999487515084716,0.21603938451137644,0.07999487515084716
48,20230117,0.0754747756119636,0.21291784306829897,0.0754747756119636
49,20230116,0.1037290828484419,0.22914863290841425,0.1037290828484419
50,20230113,0.09212486483570394,0.21514395717939774,0.09212486483570394
51,20230112,0.08080200353591396,0.21297420007644258,0.08080200353591396
52,20230111,0.07837667099908538,0.21313694217291596,0.07837667099908538
53,20230110,0.08514350021813678,0.22006856661922164,0.08514350021813678
54,20230109,0.08643824383163569,0.22108251046088856,0.08643824383163569
55,20230106,0.09010811558165706,0.2208093124044817,0.09010811558165706
56,20230105,0.10095446665618986,0.22406995784553066,0.10095446665618986
57,20230104,0.07870516093280892,0.20881965778565972,0.07870516093280892
58,20230103,0.08784320898463333,0.21415549463051745,0.08784320898463333
59,20221230,0.07566324524323008,0.2078519926404346,0.07566324524323008
60,20221229,0.07009338722763161,0.20285613591300303,0.07009338722763161
61,20221228,0.07038853366212547,0.20270648702327962,0.07038853366212547
62,20221227,0.0740568706060279,0.20791942593555776,0.0740568706060279
63,20221226,0.07459453154247593,0.20513261192750787,0.07459453154247593
64,20221223,0.06304620492295705,0.19398311138405472,0.06304620492295705
65,20221222,0.06778156063395946,0.20213828022105954,0.06778156063395946
66,20221221,0.06031541795172115,0.19777716213876426,0.06031541795172115
67,20221220,0.06250239039443209,0.19614418031622324,0.06250239039443209
68,20221219,0.06656215946606432,0.19917591974793633,0.06656215946606432
69,20221216,0.07644242760360771,0.20933214107938777,0.07644242760360771
70,20221215,0.0792927955779506,0.2146405140390966,0.0792927955779506
71,20221214,0.07668864586657334,0.2158236546691063,0.07668864586657334
72,20221213,0.0707868467756443,0.21359967736199112,0.0707868467756443
73,20221212,0.07499973585505315,0.21413294955625112,0.07499973585505315
74,20221209,0.09474828619734543,0.2262028291096335,0.09474828619734543
75,20221208,0.07658059908205113,0.21708899315323732,0.07658059908205113
76,20221207,0.08858889424735363,0.22335616771308328,0.08858889424735363
77,20221206,0.08446460113184298,0.22353599238885302,0.08446460113184298
78,20221205,0.10159247368903654,0.23254827330252237,0.10159247368903654
79,20221202,0.08144352028057278,0.21884310067952897,0.08144352028057278
80,20221201,0.10384619069429975,0.23270863044776674,0.10384619069429975
81,20221130,0.0983794891729769,0.2188237710941689,0.0983794891729769
82,20221129,0.11035505942684723,0.22983623132077755,0.11035505942684723
83,20221128,0.07277879711830823,0.2030616621278887,0.07277879711830823
84,20221125,0.07660433258313307,0.20932106361214592,0.07660433258313307
85,20221124,0.07894079274881252,0.20987823996047328,0.07894079274881252
86,20221123,0.07521773918249784,0.20990471276646555,0.07521773918249784
87,20221122,0.07364835721752234,0.2095421955519097,0.07364835721752234
88,20221121,0.07552527086263808,0.2120269493350609,0.07552527086263808
89,20221118,0.08214752677500682,0.22123374497363457,0.08214752677500682
90,20221117,0.07836982442897932,0.21734366192347496,0.07836982442897932
91,20221116,0.07863103370479028,0.2180180980985443,0.07863103370479028
92,20221115,0.10166411471545271,0.23185296616144344,0.10166411471545271
93,20221114,0.09120151843405469,0.22474238052573442,0.09120151843405469
94,20221111,0.11396276294314335,0.23494109913216019,0.11396276294314335
95,20221110,0.07100630031007525,0.21011860524430917,0.07100630031007525
96,20221109,0.0728924802605207,0.21357466386150073,0.0728924802605207
97,20221108,0.07244454685489458,0.21266274826093173,0.07244454685489458
98,20221107,0.08449163126649487,0.22580503693374065,0.08449163126649487
99,20221104,0.1150951016705939,0.2392840044155279,0.1150951016705939
100,20221103,0.07955924261062924,0.21611350969827145,0.07955924261062924
101,20221102,0.09722666993829791,0.229049607384283,0.09722666993829791
102,20221101,0.09160562331671195,0.21933033661092005,0.09160562331671195
103,20221031,0.0809759706784919,0.20488913123139946,0.0809759706784919
104,20221028,0.06518251446825767,0.19830837944156582,0.06518251446825767
105,20221027,0.07960541776646818,0.2112743404348456,0.07960541776646818
106,20221026,0.0859403810945234,0.2149217349453069,0.0859403810945234
107,20221025,0.06932470332110378,0.20149840034708555,0.06932470332110378
108,20221024,0.07404760137416598,0.2053450707720427,0.07404760137416598
109,20221021,0.0733916206690407,0.2037823046238129,0.0733916206690407
110,20221020,0.06996472949368537,0.2054861446821282,0.06996472949368537
111,20221019,0.07416414370694929,0.20782611114031713,0.07416414370694929
112,20221018,0.07576553751277416,0.21129257876964655,0.07576553751277416
113,20221017,0.07995976391765511,0.21379199900535958,0.07995976391765511
114,20221014,0.10392516570469978,0.2258356733031585,0.10392516570469978
115,20221013,0.07303857352730346,0.20359447431993166,0.07303857352730346
116,20221012,0.08034036158961516,0.2079110851259557,0.08034036158961516
117,20221011,0.07312640891306507,0.19033248764534788,0.07312640891306507
118,20221010,0.06737604753126046,0.1884897219436578,0.06737604753126046
119,20220930,0.06648237432678032,0.19327100510893216,0.06648237432678032
120,20220929,0.06775860468260618,0.1948317106095297,0.06775860468260618
121,20220928,0.06095046895831579,0.1890990399980461,0.06095046895831579
122,20220927,0.07781164790451423,0.20467140054485958,0.07781164790451423
123,20220926,0.07228180305430801,0.1928960322584641,0.07228180305430801
124,20220923,0.06261691865993606,0.1942308612958071,0.06261691865993606
125,20220922,0.07247615337692212,0.2013662471679919,0.07247615337692212
126,20220921,0.06984871786821059,0.19838841767260795,0.06984871786821059
127,20220920,0.08433750876174548,0.20711604856808777,0.08433750876174548
128,20220919,0.06578908897496646,0.19336513618790072,0.06578908897496646
129,20220916,0.07700965300523929,0.1987669665478243,0.07700965300523929
130,20220915,0.07506801325205106,0.20720726837151623,0.07506801325205106
131,20220914,0.07220329764278856,0.2025930501174588,0.07220329764278856
132,20220913,0.08041654724371339,0.20964754017319706,0.08041654724371339
133,20220909,0.09396763605900611,0.2172730340813035,0.09396763605900611
134,20220908,0.07733791118259745,0.20792314473190127,0.07733791118259745
135,20220907,0.09056907139641765,0.21946541722472585,0.09056907139641765
136,20220906,0.09727268203054648,0.22531790044866457,0.09727268203054648
137,20220905,0.0778719485480382,0.20601578064152676,0.0778719485480382
138,20220902,0.07945245732231505,0.20299076858488158,0.07945245732231505
139,20220901,0.07353530077220925,0.20243947703484233,0.07353530077220925
140,20220831,0.08726172999503995,0.20749500756446215,0.08726172999503995
141,20220830,0.07439872989650985,0.20473604725697617,0.07439872989650985
142,20220829,0.08358904803634934,0.2109026313420743,0.08358904803634934
143,20220826,0.08836288292954024,0.21700507737271293,0.08836288292954024
144,20220825,0.08978099968101674,0.21884754475885487,0.08978099968101674
145,20220824,0.08117499100470396,0.21174155784387316,0.08117499100470396
146,20220823,0.09675431864360104,0.22190136008866662,0.09675431864360104
147,20220822,0.10110482487517738,0.22428687353429289,0.10110482487517738
148,20220819,0.091327699156906,0.22158350909775243,0.091327699156906
149,20220818,0.0945465342121701,0.2225489414612597,0.0945465342121701
150,20220817,0.10027212601527191,0.2284228802613678,0.10027212601527191
151,20220816,0.09869812773031086,0.22468211349606906,0.09869812773031086
152,20220815,0.098199847439721,0.22308329378593578,0.098199847439721
153,20220812,0.08946033194932251,0.22073107238225198,0.08946033194932251
154,20220811,0.10415773790527434,0.23221862919441333,0.10415773790527434
155,20220810,0.09068738424229156,0.21999377051588895,0.09068738424229156
156,20220809,0.09155693337346996,0.22300272096767912,0.09155693337346996
157,20220808,0.09313547382752337,0.22791240196706666,0.09313547382752337
158,20220805,0.10001354799457908,0.2277357588191495,0.10001354799457908
159,20220804,0.08674913725570761,0.21880081152067338,0.08674913725570761
160,20220803,0.09371965600261338,0.224955235852285,0.09371965600261338
161,20220802,0.08266812510255393,0.209684559803701,0.08266812510255393
162,20220801,0.10002990312748751,0.2216663921296406,0.10002990312748751
163,20220729,0.09103504236393868,0.21807443048621986,0.09103504236393868
164,20220728,0.09977290566636636,0.2256695136282642,0.09977290566636636
165,20220727,0.0965325556653485,0.22067825259995622,0.0965325556653485
166,20220726,0.09555739937906035,0.21973890926973838,0.09555739937906035
167,20220725,0.07750486589651769,0.20711698808161266,0.07750486589651769
168,20220722,0.0864327964643168,0.21470253321379684,0.0864327964643168
169,20220721,0.0919238049404253,0.21992229222027143,0.0919238049404253
170,20220720,0.09019854001833719,0.22323226166333007,0.09019854001833719
171,20220719,0.09065727162626885,0.2193491431834345,0.09065727162626885
172,20220718,0.10332552734194286,0.22726012994644307,0.10332552734194286
173,20220715,0.09979336050092831,0.22088430810404347,0.09979336050092831
174,20220714,0.10345705115051373,0.22842233391992628,0.10345705115051373
175,20220713,0.1023094457981143,0.2257234866797828,0.1023094457981143
176,20220712,0.09630183099738587,0.21916501148733747,0.09630183099738587
177,20220711,0.09661996078813609,0.21833729010369604,0.09661996078813609
178,20220708,0.10645849893782387,0.23005040371075658,0.10645849893782387
179,20220707,0.12188062276314698,0.23513334523123633,0.12188062276314698
180,20220706,0.09628857149005167,0.22356296563763547,0.09628857149005167
181,20220705,0.10315589645023547,0.22953755763401973,0.10315589645023547
182,20220704,0.11445811892625725,0.23383172543150246,0.11445811892625725
183,20220701,0.10669459141752209,0.23005793094844815,0.10669459141752209
184,20220630,0.11499235863793564,0.238625406397228,0.11499235863793564
185,20220629,0.09691807162201778,0.2240160398354975,0.09691807162201778
186,20220628,0.11383367374604282,0.23498574655755108,0.11383367374604282
187,20220627,0.11861481537068604,0.24049322140960686,0.11861481537068604
188,20220624,0.11367388040815306,0.23615476252371043,0.11367388040815306
189,20220623,0.11798087653405358,0.23224712124307495,0.11798087653405358
190,20220622,0.09549759460346045,0.2162500118122268,0.09549759460346045
191,20220621,0.09000484146090028,0.21891304398009642,0.09000484146090028
192,20220620,0.11068411373532497,0.23578209537342487,0.11068411373532497
193,20220617,0.11543229906087485,0.2279150784132887,0.11543229906087485
194,20220616,0.09377511115508622,0.22139968378334726,0.09377511115508622
195,20220615,0.1259052810580541,0.23940043315395806,0.1259052810580541
196,20220614,0.09939430078506106,0.22009567758912116,0.09939430078506106
197,20220613,0.10283470652273727,0.22195871625129304,0.10283470652273727
198,20220610,0.12148040588575723,0.23141081088933266,0.12148040588575723
199,20220609,0.08968813464147193,0.21687394495867648,0.08968813464147193
200,20220608,0.10417406910642557,0.22158480343298712,0.10417406910642557
201,20220607,0.09028773673783444,0.21817697177752476,0.09028773673783444
202,20220606,0.11236493447129284,0.23054036843558418,0.11236493447129284
203,20220602,0.09217258765001335,0.21561498734161397,0.09217258765001335
204,20220601,0.08789015756438907,0.2134362524635569,0.08789015756438907
205,20220531,0.10774592376244758,0.220838333976158,0.10774592376244758
206,20220530,0.09009685808951542,0.21230265976479457,0.09009685808951542
207,20220527,0.08991064333371925,0.20863305444232189,0.08991064333371925
208,20220526,0.08695920718680607,0.2107773160873496,0.08695920718680607
209,20220525,0.08805287878562268,0.2119725077122533,0.08805287878562268
210,20220524,0.07544003245019854,0.20004964991274168,0.07544003245019854
211,20220523,0.09155220522957698,0.2118951368990418,0.09155220522957698
212,20220520,0.1020404296515011,0.2198716368238127,0.1020404296515011
213,20220519,0.09281165931664057,0.20887024791138029,0.09281165931664057
214,20220518,0.08315271642794549,0.20900681566132326,0.08315271642794549
215,20220517,0.08906918927550143,0.21107729028627575,0.08906918927550143
216,20220516,0.08057759410609719,0.20670372012030686,0.08057759410609719
217,20220513,0.09195992497765451,0.20932243358428532,0.09195992497765451
218,20220512,0.08222448263579628,0.2036260440819724,0.08222448263579628
219,20220511,0.10609847132657334,0.2183025149833431,0.10609847132657334
220,20220510,0.08982064994892484,0.20718799301867483,0.08982064994892484
221,20220509,0.08257110005636956,0.19914251788023737,0.08257110005636956
222,20220506,0.07674212065153066,0.19501261243265813,0.07674212065153066
223,20220505,0.09599740482171328,0.21166615929308744,0.09599740482171328
224,20220429,0.11196517280115989,0.2192319481458208,0.11196517280115989
225,20220428,0.08767654254626259,0.20487690017480137,0.08767654254626259
226,20220427,0.09564298847496219,0.2097327246246531,0.09564298847496219
227,20220426,0.07598330602214733,0.19390351753470642,0.07598330602214733
228,20220425,0.07272910430558213,0.18742519561594498,0.07272910430558213
229,20220422,0.0815319789367715,0.1960660324447914,0.0815319789367715
230,20220421,0.07072426458834588,0.1894319913149443,0.07072426458834588
231,20220420,0.07646027767054309,0.1989774188785569,0.07646027767054309
232,20220419,0.08165254306080072,0.20401857453477823,0.08165254306080072
233,20220418,0.08396603914440876,0.20338146652635472,0.08396603914440876
234,20220415,0.0863151029688846,0.2086221928626133,0.0863151029688846
235,20220414,0.10173192063648476,0.21912786838987372,0.10173192063648476
236,20220413,0.0873828019912961,0.20789507810584235,0.0873828019912961
237,20220412,0.09386231604408639,0.21020873834293002,0.09386231604408639
238,20220411,0.07997059311053399,0.20319327011294103,0.07997059311053399
239,20220408,0.09149864919568357,0.21262874515917837,0.09149864919568357
240,20220407,0.07948468152579678,0.20574077526813242,0.07948468152579678
241,20220406,0.09235699855338285,0.2139849068403042,0.09235699855338285
242,20220401,0.10052631898265232,0.2156958978770608,0.10052631898265232
243,20220331,0.09204971441474083,0.2135501133758065,0.09204971441474083
244,20220330,0.11120656826661278,0.22474176143906643,0.11120656826661278
245,20220329,0.08504266518579405,0.2084152316765172,0.08504266518579405
246,20220328,0.08584305955717306,0.2096173759759115,0.08584305955717306
247,20220325,0.08899883375693596,0.2096398310991413,0.08899883375693596
248,20220324,0.09119755746385437,0.21313248404823912,0.09119755746385437
249,20220323,0.09301151087564037,0.21938578136698225,0.09301151087564037
250,20220322,0.0908429015855084,0.2165102442615551,0.0908429015855084
251,20220321,0.09729699831247181,0.22138961657871997,0.09729699831247181
252,20220318,0.11880545193794059,0.218822922596768,0.11880545193794059
253,20220317,0.12106849692104367,0.2342399296089976,0.12106849692104367
254,20220316,0.11477325984034449,0.22680122902960442,0.11477325984034449
255,20220315,0.08499497784691894,0.20844621981940542,0.08499497784691894
256,20220314,0.08678786688052616,0.21005804686970653,0.08678786688052616
257,20220311,0.09870766475265673,0.22219093863993994,0.09870766475265673
258,20220310,0.11495603830774329,0.22971278836715267,0.11495603830774329
259,20220309,0.08953818625760619,0.21741586289275908,0.08953818625760619
260,20220308,0.08956197286449055,0.21604354354365318,0.08956197286449055
261,20220307,0.087497912178886,0.2144614084936799,0.087497912178886
262,20220304,0.08168144018595214,0.21133369242827144,0.08168144018595214
263,20220303,0.0928383744341131,0.22147136099516798,0.0928383744341131
264,20220302,0.09387914164326083,0.22069782122168108,0.09387914164326083
265,20220301,0.09911267721677214,0.2258506099659128,0.09911267721677214
266,20220228,0.10066737755630092,0.2219866012128621,0.10066737755630092
267,20220225,0.10201163451972835,0.22672173630081133,0.10201163451972835
268,20220224,0.08669110512903709,0.2165298561858095,0.08669110512903709
269,20220223,0.11013092662549342,0.22883641319372924,0.11013092662549342
270,20220222,0.09406236014615046,0.21277639316596225,0.09406236014615046
271,20220221,0.09504417346122863,0.2213458300027013,0.09504417346122863
272,20220218,0.09751804885436406,0.2200626706415634,0.09751804885436406
273,20220217,0.10004277824398125,0.22030477891192835,0.10004277824398125
274,20220216,0.09182836822212827,0.21751481948062423,0.09182836822212827
275,20220215,0.09477095826777658,0.21730627318184725,0.09477095826777658
276,20220214,0.09049620914237598,0.21217862102711083,0.09049620914237598
277,20220211,0.09621703451154547,0.21760950302578924,0.09621703451154547
278,20220210,0.09609044410488485,0.21888332057436002,0.09609044410488485
279,20220209,0.10166968641403702,0.22438012511590913,0.10166968641403702
280,20220208,0.0914268737806343,0.21331743229858266,0.0914268737806343
281,20220207,0.09193039152524936,0.2174447971425691,0.09193039152524936
282,20220128,0.09225043312455872,0.21130250716657997,0.09225043312455872
283,20220127,0.08409164532954311,0.20720378111887522,0.08409164532954311
284,20220126,0.08602544679939066,0.21349671448813515,0.08602544679939066
285,20220125,0.07622133134030434,0.20401538497296604,0.07622133134030434
286,20220124,0.09308336853401254,0.21845550800616229,0.09308336853401254
287,20220121,0.08764438422223689,0.21510484820305728,0.08764438422223689
288,20220120,0.09999202766774104,0.22407206672703717,0.09999202766774104
289,20220119,0.09445258250284608,0.22512638726482564,0.09445258250284608
290,20220118,0.09445610767005984,0.22914282858483825,0.09445610767005984
291,20220117,0.10061575172900904,0.23599436773760632,0.10061575172900904
292,20220114,0.0976344198457919,0.22385782182567654,0.0976344198457919
293,20220113,0.0885383076924939,0.21898745635112518,0.0885383076924939
294,20220112,0.10407396204926925,0.22746387296220028,0.10407396204926925
295,20220111,0.08813707452285921,0.22037765846261714,0.08813707452285921
296,20220110,0.0928133569935407,0.22631814215392573,0.0928133569935407
297,20220107,0.09780374998119704,0.2272358599772484,0.09780374998119704
298,20220106,0.09845458213964374,0.23022231090714582,0.09845458213964374
299,20220105,0.09591569456483619,0.2268152989652317,0.09591569456483619
300,20220104,0.10562928436320396,0.23384306721566867,0.10562928436320396
301,20211231,0.11161852264604322,0.2357135158440722,0.11161852264604322
302,20211230,0.10521121378135238,0.23376440403950827,0.10521121378135238
303,20211229,0.09312752801386631,0.22347614830392123,0.09312752801386631
304,20211228,0.09856752681479915,0.22742896676283525,0.09856752681479915
305,20211227,0.09781909600481939,0.2257573165690402,0.09781909600481939
306,20211224,0.09858040148109647,0.22682563730989322,0.09858040148109647
307,20211223,0.10451969524869635,0.23183445852479428,0.10451969524869635
308,20211222,0.10072834920314608,0.2289160125156548,0.10072834920314608
309,20211221,0.10029901851268869,0.2338337656350854,0.10029901851268869
310,20211220,0.09125706962886995,0.2241996380407775,0.09125706962886995
311,20211217,0.1006723525395826,0.22758230576075666,0.1006723525395826
312,20211216,0.10658580580934779,0.2352865672834267,0.10658580580934779
313,20211215,0.10304657423577451,0.23071345039003818,0.10304657423577451
314,20211214,0.09423115791499545,0.23062530916857016,0.09423115791499545
315,20211213,0.12487645562701102,0.24303936938075968,0.12487645562701102
316,20211210,0.11686909538372792,0.2337601178634205,0.11686909538372792
317,20211209,0.11909837586179536,0.24085824865440159,0.11909837586179536
318,20211208,0.11812469735435314,0.24150651361144015,0.11812469735435314
319,20211207,0.10136659883354537,0.2303066473589816,0.10136659883354537
320,20211206,0.10152708656181893,0.2317534611486486,0.10152708656181893
321,20211203,0.11197859809132407,0.23937337438591705,0.11197859809132407
322,20211202,0.09918903575398454,0.2294790151199761,0.09918903575398454
323,20211201,0.10070437720033833,0.23388037272776363,0.10070437720033833
324,20211130,0.11068616792755943,0.23382399324769623,0.11068616792755943
325,20211129,0.11088872621453802,0.23537957695629463,0.11088872621453802
326,20211126,0.09985143786379196,0.23094342216950461,0.09985143786379196
327,20211125,0.09584735518513106,0.2328677516782912,0.09584735518513106
328,20211124,0.1083536275394026,0.2355280780595246,0.1083536275394026
329,20211123,0.10770274127885057,0.23546839824920449,0.10770274127885057
330,20211122,0.12681938479516394,0.2425967216885373,0.12681938479516394
331,20211119,0.11478294547968258,0.23867759549420595,0.11478294547968258
332,20211118,0.10086962457018754,0.23289256754750992,0.10086962457018754
333,20211117,0.11155910643682554,0.23475366114973661,0.11155910643682554
334,20211116,0.09284257333470188,0.22997010817912547,0.09284257333470188
335,20211115,0.09908457296286104,0.23506348747386505,0.09908457296286104
336,20211112,0.1062224053156375,0.23732579631969108,0.1062224053156375
337,20211111,0.11715090136603065,0.24383092224770214,0.11715090136603065
338,20211110,0.10027624055301909,0.2324989512782794,0.10027624055301909
339,20211109,0.1053027951538513,0.23557884586307495,0.1053027951538513
340,20211108,0.11212615328833396,0.23815819894033521,0.11212615328833396
341,20211105,0.10458159786839309,0.2366338427718503,0.10458159786839309
342,20211104,0.12159155399177654,0.24437723612770185,0.12159155399177654
343,20211103,0.10398933439157679,0.23439057152316042,0.10398933439157679
344,20211102,0.10111840050680547,0.23242970172978514,0.10111840050680547
345,20211101,0.12254264165546637,0.23785924265917172,0.12254264165546637
346,20211029,0.1266562451327751,0.23619309142267933,0.1266562451327751
347,20211028,0.10253122701180005,0.22804236936548847,0.10253122701180005
348,20211027,0.10674191805693006,0.22735497552944656,0.10674191805693006
349,20211026,0.11185849651991811,0.23305906035368573,0.11185849651991811
350,20211025,0.12152553369844847,0.23934008887497824,0.12152553369844847
351,20211022,0.10342447255826752,0.23136529141255885,0.10342447255826752
352,20211021,0.10852096643123657,0.23205934186060082,0.10852096643123657
353,20211020,0.11994173036050622,0.23460452437403567,0.11994173036050622
354,20211019,0.11066339323799895,0.23413745669572045,0.11066339323799895
355,20211018,0.11367742678643884,0.2306355995284861,0.11367742678643884
356,20211015,0.11098847070498746,0.23225038617418675,0.11098847070498746
357,20211014,0.10309939198800377,0.22894744738695944,0.10309939198800377
358,20211013,0.11180132850393282,0.2305153570604868,0.11180132850393282
359,20211012,0.0886737039253412,0.22014693698522353,0.0886737039253412
360,20211011,0.1017897060230031,0.23424602577065878,0.1017897060230031
361,20211008,0.11687486140032145,0.23927751704874023,0.11687486140032145
362,20210930,0.1207725435630669,0.23415370209824715,0.1207725435630669
363,20210929,0.10094276098751687,0.22944393172391903,0.10094276098751687
364,20210928,0.11554840543214273,0.23603221159899085,0.11554840543214273
365,20210927,0.1227900579883718,0.23508545143795956,0.1227900579883718
366,20210924,0.11791003598492722,0.23739321653811418,0.11791003598492722
367,20210923,0.12149485050818287,0.24713961495139425,0.12149485050818287
368,20210922,0.12504957975703995,0.24261132437451827,0.12504957975703995
369,20210917,0.1271059340998117,0.24447153924913081,0.1271059340998117
370,20210916,0.11862827380941003,0.24388788593576816,0.11862827380941003
371,20210915,0.12769859823058177,0.2472802983648057,0.12769859823058177
372,20210914,0.1250900187379672,0.2486717814412527,0.1250900187379672
373,20210913,0.13495676289369044,0.25350772145069983,0.13495676289369044
374,20210910,0.13881744883786987,0.25656269936307485,0.13881744883786987
375,20210909,0.12376839223124741,0.24981471853700624,0.12376839223124741
376,20210908,0.12998220550573109,0.2513047860909625,0.12998220550573109
377,20210907,0.13968487720507453,0.2550113635282393,0.13968487720507453
378,20210906,0.13549922749500648,0.2566312005106692,0.13549922749500648
379,20210903,0.13308651157249018,0.24973578639041058,0.13308651157249018
380,20210902,0.1389746764907239,0.25508845538285857,0.1389746764907239
381,20210901,0.14113281425175803,0.25655282235546656,0.14113281425175803
382,20210831,0.13544612811194642,0.25021035560075516,0.13544612811194642
383,20210830,0.14235765424252592,0.25338202052212994,0.14235765424252592
384,20210827,0.13221770389669907,0.249405465907265,0.13221770389669907
385,20210826,0.11813987290147902,0.24672909382017266,0.11813987290147902
386,20210825,0.12589830981074385,0.2524211442550414,0.12589830981074385
387,20210824,0.1352151710473509,0.2544835773005544,0.1352151710473509
388,20210823,0.14368886201576508,0.25592940603974224,0.14368886201576508
389,20210820,0.12041223926850166,0.24192615271298107,0.12041223926850166
390,20210819,0.12757698408002122,0.24770813713253478,0.12757698408002122
391,20210818,0.12547987261097795,0.2501093329101833,0.12547987261097795
392,20210817,0.10492290807082089,0.23670933618292586,0.10492290807082089
393,20210816,0.11707714704067831,0.24831469526492425,0.11707714704067831
394,20210813,0.12493927380119497,0.2500912545943159,0.12493927380119497
395,20210812,0.12595898347343337,0.251284542729735,0.12595898347343337
396,20210811,0.12687249663003627,0.25174077005815804,0.12687249663003627
397,20210810,0.13146079884777426,0.25222868575810603,0.13146079884777426
398,20210809,0.1272219961423546,0.2574409059480561,0.1272219961423546
399,20210806,0.13143893844796514,0.25710038187039896,0.13143893844796514
400,20210805,0.13028251398993446,0.255130364036694,0.13028251398993446
401,20210804,0.15362097068816702,0.26385595264071465,0.15362097068816702
402,20210803,0.12342687107526178,0.25438158708784536,0.12342687107526178
403,20210802,0.14982567768258262,0.2630964685545599,0.14982567768258262
404,20210730,0.13955288251636389,0.25770536029042795,0.13955288251636389
405,20210729,0.1530824922259909,0.26324345699059887,0.1530824922259909
406,20210728,0.11446238289210033,0.24906589963071515,0.11446238289210033
407,20210727,0.13341912754920485,0.25841922355580865,0.13341912754920485
408,20210726,0.11882459262561768,0.25150551154262607,0.11882459262561768
409,20210723,0.130605170467302,0.25624451936173875,0.130605170467302
410,20210722,0.13546422413185583,0.2599772048889834,0.13546422413185583
411,20210721,0.14952108690819618,0.25885103541803917,0.14952108690819618
412,20210720,0.11450150658569437,0.24826777961285565,0.11450150658569437
413,20210719,0.11463054628894756,0.2512190043859102,0.11463054628894756
414,20210716,0.13072260300450442,0.2547511731433758,0.13072260300450442
415,20210715,0.13209357341569927,0.253968237265721,0.13209357341569927
416,20210714,0.12028448503779271,0.24983375639911568,0.12028448503779271
417,20210713,0.129923456963599,0.25861973890678747,0.129923456963599
418,20210712,0.14679634839818193,0.2610255306403333,0.14679634839818193
419,20210709,0.1290259249629751,0.2550435204385668,0.1290259249629751
420,20210708,0.12842322948998453,0.25509614835903993,0.12842322948998453
421,20210707,0.13592724419121854,0.2619996496168196,0.13592724419121854
422,20210706,0.11774407841907329,0.25388034024109457,0.11774407841907329
423,20210705,0.12532278663587276,0.2533175935333246,0.12532278663587276
424,20210702,0.10935953509478509,0.24671211051248182,0.10935953509478509
425,20210701,0.11539088446316247,0.24859301163917147,0.11539088446316247
426,20210630,0.1209182925604448,0.2524283736359741,0.1209182925604448
427,20210629,0.10860843616853887,0.24519341455633864,0.10860843616853887
428,20210628,0.1192593665416981,0.2514495825732161,0.1192593665416981
429,20210625,0.1260902643187356,0.2537592922515129,0.1260902643187356
430,20210624,0.1109320692652701,0.24542168449741833,0.1109320692652701
431,20210623,0.12354601752926427,0.25481534722265425,0.12354601752926427
432,20210622,0.10773448632060582,0.25181687588407964,0.10773448632060582
433,20210621,0.11681945622629325,0.2530643942212339,0.11681945622629325
434,20210618,0.13203314243960731,0.25617242878781404,0.13203314243960731
435,20210617,0.11946754404638635,0.25030506158446886,0.11946754404638635
436,20210616,0.10468883126525995,0.23972758676732683,0.10468883126525995
437,20210615,0.10784665960622015,0.24467952034695603,0.10784665960622015
438,20210611,0.12434659927273585,0.24948162654660008,0.12434659927273585
439,20210610,0.12192885214994137,0.2536637989950694,0.12192885214994137
440,20210609,0.10639864550708199,0.246467582622603,0.10639864550708199
441,20210608,0.10593228344862117,0.24695073386744715,0.10593228344862117
442,20210607,0.11375238822592719,0.25014359951213305,0.11375238822592719
443,20210604,0.1144877332686808,0.2484588175506251,0.1144877332686808
444,20210603,0.11162433449633358,0.24601163227779982,0.11162433449633358
445,20210602,0.10163831784451566,0.2388434604389234,0.10163831784451566
446,20210601,0.11443299019871325,0.2505622975357291,0.11443299019871325
447,20210531,0.12267959799687667,0.2553597161005329,0.12267959799687667
448,20210528,0.13087054287285285,0.25829676989782835,0.13087054287285285
449,20210527,0.13968152913304727,0.259549610528764,0.13968152913304727
450,20210526,0.13295492316623936,0.2595615870360435,0.13295492316623936
451,20210525,0.15548303070667638,0.2687281988192884,0.15548303070667638
452,20210524,0.1273958018159788,0.25460999907521087,0.1273958018159788
453,20210521,0.12218511302123043,0.2520620112274221,0.12218511302123043
454,20210520,0.12060302626654282,0.25005615909699996,0.12060302626654282
455,20210519,0.12769359073167963,0.2551333919800253,0.12769359073167963
456,20210518,0.12383198783954909,0.2537798382220323,0.12383198783954909
457,20210517,0.13039898366270666,0.2586088733865656,0.13039898366270666
458,20210514,0.13926034588415487,0.26141147433166023,0.13926034588415487
459,20210513,0.10989096551660724,0.24457798757946292,0.10989096551660724
460,20210512,0.12507542576417188,0.25295735770173483,0.12507542576417188
461,20210511,0.11980457274103104,0.25191454006019975,0.11980457274103104
462,20210510,0.12932750590943723,0.25427791302082087,0.12932750590943723
463,20210507,0.1268069751870775,0.2524645602817819,0.1268069751870775
464,20210506,0.13106946402565375,0.2513686545213119,0.13106946402565375
465,20210430,0.1340622775965387,0.253034817179624,0.1340622775965387
466,20210429,0.12993304444261325,0.2561685101858106,0.12993304444261325
467,20210428,0.13805996061554304,0.2568869000995933,0.13805996061554304
468,20210427,0.10961773203951786,0.24118744448306353,0.10961773203951786
469,20210426,0.1291269689535453,0.2548255272163263,0.1291269689535453
470,20210423,0.12374250808274248,0.24846159529995246,0.12374250808274248
471,20210422,0.11550241334713385,0.2464730738387883,0.11550241334713385
472,20210421,0.11383468901927198,0.24481643101431264,0.11383468901927198
473,20210420,0.11882909142909917,0.246364149604907,0.11882909142909917
474,20210419,0.1412343809722105,0.2608635395879554,0.1412343809722105
475,20210416,0.11191526809576974,0.24550371053149456,0.11191526809576974
476,20210415,0.10651785396910801,0.23851674444310977,0.10651785396910801
477,20210414,0.12401043841248185,0.2467023151016693,0.12401043841248185
478,20210413,0.10370412045130913,0.23567359706075824,0.10370412045130913
479,20210412,0.10467464034430776,0.23425014421325616,0.10467464034430776
480,20210409,0.10513316143648606,0.23962068698593197,0.10513316143648606
481,20210408,0.10880764885433764,0.24034247169956252,0.10880764885433764
482,20210407,0.11505903437953288,0.24331155904195748,0.11505903437953288
483,20210406,0.1088738453161989,0.2427232378200613,0.1088738453161989
484,20210402,0.12747858745373639,0.25377570052373666,0.12747858745373639
485,20210401,0.11893839489164086,0.24715570212871052,0.11893839489164086
486,20210331,0.10361146287931033,0.23941789026761726,0.10361146287931033
487,20210330,0.11675877982405868,0.24805342729252625,0.11675877982405868
488,20210329,0.11943830451579386,0.24865406756520808,0.11943830451579386
489,20210326,0.13742977915476196,0.259069963417802,0.13742977915476196
490,20210325,0.10005815093283589,0.23973120419357682,0.10005815093283589
491,20210324,0.10053811843697276,0.24049424688886853,0.10053811843697276
492,20210323,0.09749060934574592,0.23535375519815094,0.09749060934574592
493,20210322,0.1247551069967477,0.25842337609105226,0.1247551069967477
494,20210319,0.1135127770569097,0.24029157333905865,0.1135127770569097
495,20210318,0.12121508465775635,0.2506267708759498,0.12121508465775635
496,20210317,0.12166062386039776,0.24739850746071718,0.12166062386039776
497,20210316,0.11504044998775323,0.2510682177975028,0.11504044998775323
498,20210315,0.12152160450211004,0.2484207334867872,0.12152160450211004
499,20210312,0.13200727301594542,0.2601724809228177,0.13200727301594542
500,20210311,0.15041490389093623,0.2655317576126207,0.15041490389093623
501,20210310,0.12292745024306696,0.24805875045007547,0.12292745024306696
502,20210309,0.12435473005463173,0.24997393389842273,0.12435473005463173
503,20210308,0.12288036224917796,0.2528034477679574,0.12288036224917796
504,20210305,0.12358805691818568,0.25841393349401026,0.12358805691818568
505,20210304,0.11846934478656113,0.2497534350787957,0.11846934478656113
506,20210303,0.14598638943024064,0.2644853682532276,0.14598638943024064
507,20210302,0.12179216312365995,0.2567403260645507,0.12179216312365995
508,20210301,0.14034551032797465,0.26507885903783684,0.14034551032797465
509,20210226,0.1346409557395915,0.25321456767018624,0.1346409557395915
510,20210225,0.15163887228394635,0.2649832854019149,0.15163887228394635
511,20210224,0.13304716500211847,0.2612834212899599,0.13304716500211847
512,20210223,0.14246199771456045,0.2623125249603,0.14246199771456045
513,20210222,0.16099198216064114,0.26189377227109006,0.16099198216064114
514,20210219,0.1534889212533764,0.2672421254508181,0.1534889212533764
515,20210218,0.17315801223907396,0.2673390941191427,0.17315801223907396
516,20210210,0.1783394574914818,0.2682030039674958,0.1783394574914818
517,20210209,0.1701977855821148,0.27197778661941535,0.1701977855821148
518,20210208,0.15445775829796438,0.2659443717320723,0.15445775829796438
519,20210205,0.15278536051617383,0.25781150974194744,0.15278536051617383
520,20210204,0.14049874539786605,0.25281906635606394,0.14049874539786605
521,20210203,0.1503430559456898,0.2573415356237144,0.1503430559456898
522,20210202,0.1533395403548911,0.2634424494934535,0.1533395403548911
523,20210201,0.14040789534483866,0.2639234859504347,0.14040789534483866
524,20210129,0.13333185532229788,0.2574699800031158,0.13333185532229788
525,20210128,0.1263706894049203,0.25013669637711866,0.1263706894049203
526,20210127,0.14533545792212788,0.2641059407940016,0.14533545792212788
527,20210126,0.13483746755309353,0.2588193067063585,0.13483746755309353
528,20210125,0.16631347689936474,0.26999521304390983,0.16631347689936474
529,20210122,0.1500970798384466,0.26390705949590115,0.1500970798384466
530,20210121,0.16483589093324025,0.2744717435312014,0.16483589093324025
531,20210120,0.15267819502523472,0.268055777697401,0.15267819502523472
532,20210119,0.14099863375009591,0.2635422404410231,0.14099863375009591
533,20210118,0.16297193196577475,0.27579865431197464,0.16297193196577475
534,20210115,0.1641530289766602,0.26700649906371954,0.1641530289766602
535,20210114,0.14927377844397666,0.2686854039255702,0.14927377844397666
536,20210113,0.15859372694375143,0.2704854092635948,0.15859372694375143
537,20210112,0.17913613107968332,0.273102006164735,0.17913613107968332
538,20210111,0.15855496912751668,0.26639989307403394,0.15855496912751668
539,20210108,0.14985765558369757,0.26602034919938494,0.14985765558369757
540,20210107,0.15148825928430035,0.2654859836373924,0.15148825928430035
541,20210106,0.15288169186749945,0.26597287038462025,0.15288169186749945
542,20210105,0.16222587801934257,0.2655730405728818,0.16222587801934257
543,20210104,0.16681346438410732,0.27013620582596226,0.16681346438410732
544,20201231,0.15980436991399663,0.27050660076179994,0.15980436991399663
545,20201230,0.15650878065252696,0.2645407719641245,0.15650878065252696
546,20201229,0.12042257383882031,0.25122859948336196,0.12042257383882031
547,20201228,0.1269606187082617,0.2531724768016575,0.1269606187082617
548,20201225,0.13907105122118357,0.2579269178989754,0.13907105122118357
549,20201224,0.11750137369126468,0.24852328798653242,0.11750137369126468
550,20201223,0.14267907768024768,0.2604132895663481,0.14267907768024768
551,20201222,0.12187748782975726,0.24879955092355008,0.12187748782975726
552,20201221,0.14603523524222153,0.26570911588065377,0.14603523524222153
553,20201218,0.12996768159737984,0.25371714595438494,0.12996768159737984
554,20201217,0.13507971440073005,0.2551136605584896,0.13507971440073005
555,20201216,0.12244896517829505,0.2506529535323405,0.12244896517829505
556,20201215,0.1223602497908749,0.24830585378626374,0.1223602497908749
557,20201214,0.12225716080316061,0.25330401857698936,0.12225716080316061
558,20201211,0.11297460966873504,0.2526167728788111,0.11297460966873504
559,20201210,0.112119058368147,0.2503473201675418,0.112119058368147
560,20201209,0.11110092329198736,0.24483047607784567,0.11110092329198736
561,20201208,0.11872192890502015,0.24632137255449657,0.11872192890502015
562,20201207,0.12323862963079325,0.24970155925756155,0.12323862963079325
563,20201204,0.126062048569533,0.254697902388516,0.126062048569533
564,20201203,0.11744170960436225,0.2567958390297095,0.11744170960436225
565,20201202,0.1313221186410968,0.2625112645433478,0.1313221186410968
566,20201201,0.15064057064359596,0.2654002998940046,0.15064057064359596
567,20201130,0.162804131782563,0.26445923494405266,0.162804131782563
568,20201127,0.1251498502662688,0.2574926380554022,0.1251498502662688
569,20201126,0.11244862763158116,0.2554034428307157,0.11244862763158116
570,20201125,0.11938415447637062,0.2540010527793944,0.11938415447637062
571,20201124,0.11914715270303575,0.2598436702223036,0.11914715270303575
572,20201123,0.14886195619989945,0.26998193800858417,0.14886195619989945
573,20201120,0.1270562633618539,0.2628894987989686,0.1270562633618539
574,20201119,0.1227359166417257,0.25960258766708494,0.1227359166417257
575,20201118,0.12950113621725434,0.261128798410853,0.12950113621725434
576,20201117,0.11553230979238009,0.25959793468395964,0.11553230979238009
577,20201116,0.12893667955687757,0.2693434077765154,0.12893667955687757
578,20201113,0.11995451151472655,0.2552768787499674,0.11995451151472655
579,20201112,0.11571250450154733,0.25474271610473687,0.11571250450154733
580,20201111,0.12032296049073146,0.2550692002705143,0.12032296049073146
581,20201110,0.1288774070107328,0.2597770666097333,0.1288774070107328
582,20201109,0.15393582994695065,0.27653447254376234,0.15393582994695065
583,20201106,0.12667456990209056,0.2580545185046664,0.12667456990209056
584,20201105,0.13793164635834587,0.27185018642674336,0.13793164635834587
585,20201104,0.11827672421156851,0.25417021250341437,0.11827672421156851
586,20201103,0.12089815939551057,0.26357684332154335,0.12089815939551057
587,20201102,0.11635532229570553,0.2534562446295896,0.11635532229570553
588,20201030,0.10893333557555382,0.24631777734804314,0.10893333557555382
589,20201029,0.1206760198066912,0.25715375903478144,0.1206760198066912
590,20201028,0.11449587256825323,0.25545045871972577,0.11449587256825323
591,20201027,0.09457383106789989,0.24873466701774177,0.09457383106789989
592,20201026,0.10801522579980398,0.24748258535225842,0.10801522579980398
593,20201023,0.10432410379969596,0.24094253072910984,0.10432410379969596
594,20201022,0.10337743967468815,0.25178874699887793,0.10337743967468815
595,20201021,0.09762885105551315,0.24840445236708858,0.09762885105551315
596,20201020,0.1028107151434542,0.25597600958779765,0.1028107151434542
597,20201019,0.10607527850693685,0.25422069876785164,0.10607527850693685
598,20201016,0.10707507652405243,0.251417942290692,0.10707507652405243
599,20201015,0.10852722730089927,0.25195676094794167,0.10852722730089927
600,20201014,0.10584811774660548,0.25455997972968003,0.10584811774660548
601,20201013,0.12014897763022647,0.26577755232185646,0.12014897763022647
602,20201012,0.14805539083862881,0.2788858875611054,0.14805539083862881
603,20201009,0.14870365258013474,0.2692756960038992,0.14870365258013474
604,20200930,0.09943584644065695,0.2483781647663569,0.09943584644065695
605,20200929,0.10586942897340706,0.25520627531951023,0.10586942897340706
606,20200928,0.10328493494287747,0.23940438141676018,0.10328493494287747
607,20200925,0.09602158712925538,0.242763363590057,0.09602158712925538
608,20200924,0.08940159122928584,0.23735448957565622,0.08940159122928584
609,20200923,0.11204410173210161,0.2586064769702374,0.11204410173210161
610,20200922,0.10059101824396414,0.24879342634523183,0.10059101824396414
611,20200921,0.1060674386917724,0.2590133997749099,0.1060674386917724
612,20200918,0.1434771725791159,0.26732157639243803,0.1434771725791159
613,20200917,0.11318408654236486,0.2584855950650797,0.11318408654236486
614,20200916,0.0953515501536905,0.25319717324786206,0.0953515501536905
615,20200915,0.10692230883982244,0.261064517021129,0.10692230883982244
616,20200914,0.11005030715379668,0.2636793318818082,0.11005030715379668
617,20200911,0.10733975223034446,0.25613537144626025,0.10733975223034446
618,20200910,0.08861539478058394,0.2499702075335978,0.08861539478058394
619,20200909,0.09883887446677833,0.25954567616140023,0.09883887446677833
620,20200908,0.11123145980459997,0.2671762433741391,0.11123145980459997
621,20200907,0.10402369956714107,0.26015826064877096,0.10402369956714107
622,20200904,0.10921070335699397,0.262088669672149,0.10921070335699397
623,20200903,0.1058004006315352,0.2553941114592547,0.1058004006315352
624,20200902,0.1192123222665674,0.26727683881543285,0.1192123222665674
625,20200901,0.11482728257364913,0.260075879924607,0.11482728257364913
626,20200831,0.1376108702410841,0.2711228910669033,0.1376108702410841
627,20200828,0.14310042950955182,0.27062707424230553,0.14310042950955182
628,20200827,0.10895899192812888,0.26858314858986504,0.10895899192812888
629,20200826,0.10442939441100252,0.2533436976614877,0.10442939441100252
630,20200825,0.11342924866323681,0.26196782600043234,0.11342924866323681
631,20200824,0.13067919517741514,0.26882642167313914,0.13067919517741514
632,20200821,0.12455862381702683,0.2682498855443221,0.12455862381702683
633,20200820,0.11254834001282407,0.25759309068813224,0.11254834001282407
634,20200819,0.12441303952925672,0.25960805603772813,0.12441303952925672
635,20200818,0.13652426041704413,0.2720154228315187,0.13652426041704413
636,20200817,0.17126506327217905,0.2818059715466546,0.17126506327217905
637,20200814,0.1333274150884361,0.26727664618921254,0.1333274150884361
638,20200813,0.13224054911293093,0.2692225873754845,0.13224054911293093
639,20200812,0.12703437623874123,0.2640354452677665,0.12703437623874123
640,20200811,0.13428667871354447,0.26937384021052513,0.13428667871354447
641,20200810,0.15635553913791875,0.2798992275328622,0.15635553913791875
642,20200807,0.13880496575380916,0.27040162331335604,0.13880496575380916
643,20200806,0.147030681724588,0.2732470380093599,0.147030681724588
644,20200805,0.14943280217576532,0.28146606999456003,0.14943280217576532
645,20200804,0.14457577820188353,0.272707895683515,0.14457577820188353
646,20200803,0.1685775781566201,0.28946837184100727,0.1685775781566201
647,20200731,0.15550168387738425,0.2793478097674018,0.15550168387738425
648,20200730,0.14370690512086542,0.2754702107968283,0.14370690512086542
649,20200729,0.16990482085276132,0.2873458536395948,0.16990482085276132
650,20200728,0.13914203521891624,0.27482748473286056,0.13914203521891624
651,20200727,0.13641069410636758,0.274515998856481,0.13641069410636758
652,20200724,0.12721664045923772,0.2616408370678828,0.12721664045923772
653,20200723,0.14537360211065187,0.27388603941351053,0.14537360211065187
654,20200722,0.15392613699780797,0.2868388275889569,0.15392613699780797
655,20200721,0.14176060682877933,0.27902541300183925,0.14176060682877933
656,20200720,0.16434711528224508,0.2915151422199347,0.16434711528224508
657,20200717,0.14553653772395914,0.2779814878700867,0.14553653772395914
658,20200716,0.14771666333519257,0.2704028018382919,0.14771666333519257
659,20200715,0.14850067509611484,0.2769739575228965,0.14850067509611484
660,20200714,0.1436780242949404,0.27588446473630623,0.1436780242949404
661,20200713,0.18040217628933455,0.29589388172722186,0.18040217628933455
662,20200710,0.15679520771525363,0.2770548099216586,0.15679520771525363
663,20200709,0.17117056941824293,0.2891146395496316,0.17117056941824293
664,20200708,0.17610063400803702,0.28744683996500914,0.17610063400803702
665,20200707,0.17414591059523266,0.28260945673539417,0.17414591059523266
666,20200706,0.1940068212189996,0.28756786682597035,0.1940068212189996
667,20200703,0.1701516425884998,0.2783505476323558,0.1701516425884998
668,20200702,0.17283303146397347,0.27801037101772913,0.17283303146397347
669,20200701,0.1572304200995512,0.2727351871324167,0.1572304200995512
670,20200630,0.15087898724627438,0.2767926403021835,0.15087898724627438
671,20200629,0.1195787618022073,0.2625302341173851,0.1195787618022073
672,20200624,0.12733162498794987,0.2736886942630943,0.12733162498794987
673,20200623,0.13430918236474565,0.27157921607818597,0.13430918236474565
674,20200622,0.13948847307696027,0.27569186092426,0.13948847307696027
675,20200619,0.1573040519180705,0.2676161123819061,0.1573040519180705
676,20200618,0.13535247899365807,0.2708163602903554,0.13535247899365807
677,20200617,0.11610614016811187,0.26557173919566995,0.11610614016811187
678,20200616,0.13559852608908685,0.27565767365233335,0.13559852608908685
679,20200615,0.12104924205261804,0.2603993834973057,0.12104924205261804
680,20200612,0.1280338359585216,0.26553566058949224,0.1280338359585216
681,20200611,0.1226850691310263,0.26252984341378627,0.1226850691310263
682,20200610,0.12014646374966927,0.2608500143819245,0.12014646374966927
683,20200609,0.12876855359507566,0.2668179451531818,0.12876855359507566
684,20200608,0.1258062472195639,0.2642440168626328,0.1258062472195639
685,20200605,0.11380410451254648,0.25736554893080743,0.11380410451254648
686,20200604,0.11064793130849612,0.2579118525213196,0.11064793130849612
687,20200603,0.13148578215371437,0.26432006103617767,0.13148578215371437
688,20200602,0.125898104569383,0.26417053578459226,0.125898104569383
689,20200601,0.1544541198214053,0.2823625537881274,0.1544541198214053
690,20200529,0.13239168339197205,0.25825936325028154,0.13239168339197205
691,20200528,0.10167788318335537,0.24890997885557603,0.10167788318335537
692,20200527,0.10142325227949228,0.2502705727232078,0.10142325227949228
693,20200526,0.11886194480283928,0.27212448816947843,0.11886194480283928
694,20200525,0.0911924513284646,0.24572867350588165,0.0911924513284646
695,20200522,0.09107591642920537,0.2413455151864008,0.09107591642920537
696,20200521,0.09943850669394505,0.2498700409717451,0.09943850669394505
697,20200520,0.1120168217045487,0.2544729734840397,0.1120168217045487
698,20200519,0.1337096638692439,0.2696759461361934,0.1337096638692439
699,20200518,0.11683813430047661,0.2587756951570118,0.11683813430047661
700,20200515,0.1198424716679855,0.26148443405568633,0.1198424716679855
701,20200514,0.10419908544224532,0.2522806496788479,0.10419908544224532
702,20200513,0.1069251057803181,0.26022652661695966,0.1069251057803181
703,20200512,0.10657515705846178,0.2549483668538925,0.10657515705846178
704,20200511,0.11149427779644622,0.26121906743205436,0.11149427779644622
705,20200508,0.12805078271957265,0.27360853596902585,0.12805078271957265
706,20200507,0.10557939733771281,0.26178205557246165,0.10557939733771281
707,20200506,0.1295539856354749,0.27610214941998784,0.1295539856354749
708,20200430,0.15353257864167685,0.2774734549089247,0.15353257864167685
709,20200429,0.1117560558616046,0.2546347973268803,0.1117560558616046
710,20200428,0.1121906050397819,0.25731179875617793,0.1121906050397819
711,20200427,0.10776410094902096,0.25627165878583213,0.10776410094902096
712,20200424,0.08808879713533004,0.2425568968378487,0.08808879713533004
713,20200423,0.11031966968774441,0.25214466354983806,0.11031966968774441
714,20200422,0.12249953839661815,0.2625714724673044,0.12249953839661815
715,20200421,0.10357801417655614,0.2500197849187949,0.10357801417655614
716,20200420,0.11452011289047141,0.2676945025939481,0.11452011289047141
717,20200417,0.14030696873973988,0.26648753659663166,0.14030696873973988
718,20200416,0.10993876540220385,0.2588286558110275,0.10993876540220385
719,20200415,0.1145724031501106,0.25657932637525294,0.1145724031501106
720,20200414,0.13053608662005173,0.27589576527610077,0.13053608662005173
721,20200413,0.09789961307390942,0.2471507057022266,0.09789961307390942
722,20200410,0.09906142228732108,0.24381425582118857,0.09906142228732108
723,20200409,0.12351223881125772,0.26671364219182353,0.12351223881125772
724,20200408,0.10611929445734947,0.25678454064768874,0.10611929445734947
725,20200407,0.14981744538167796,0.28143382759300417,0.14981744538167796
726,20200403,0.10447063470327549,0.2499953753265915,0.10447063470327549
727,20200402,0.1361793912313693,0.26781999115698424,0.1361793912313693
728,20200401,0.11266369038805274,0.2585719818414598,0.11266369038805274
729,20200331,0.10604661866585283,0.2529867513973759,0.10604661866585283
730,20200330,0.10175688893162613,0.25007716356796383,0.10175688893162613
731,20200327,0.11244200262088563,0.260436610473262,0.11244200262088563
732,20200326,0.1108560045450624,0.2538380838541874,0.1108560045450624
733,20200325,0.14185273207835902,0.27756835755395004,0.14185273207835902
734,20200324,0.12476895017331992,0.2684031218951422,0.12476895017331992
735,20200323,0.10254529090345085,0.2468496924616719,0.10254529090345085
736,20200320,0.12240722336555103,0.2707110885053505,0.12240722336555103
737,20200319,0.12498914449624077,0.26552360524543506,0.12498914449624077
738,20200318,0.12526771528918335,0.26242818959668107,0.12526771528918335
739,20200317,0.12939604026683163,0.2654124010840618,0.12939604026683163
740,20200316,0.10555433933486257,0.2513940504592924,0.10555433933486257
741,20200313,0.13649369890556923,0.2667229805573898,0.13649369890556923
742,20200312,0.11762705216742078,0.25587468489677323,0.11762705216742078
743,20200311,0.12100535849014996,0.26547918499150824,0.12100535849014996
744,20200310,0.15613991963029458,0.279052575937901,0.15613991963029458
745,20200309,0.11832348081635037,0.25618290748783973,0.11832348081635037
746,20200306,0.12978261472365074,0.2677678026304301,0.12978261472365074
747,20200305,0.1689065466535948,0.2880740616868624,0.1689065466535948
748,20200304,0.14321919260772417,0.27915872886188786,0.14321919260772417
749,20200303,0.15485569439605204,0.282719581887096,0.15485569439605204
750,20200302,0.1731017948342287,0.29100142058919864,0.1731017948342287
751,20200228,0.1376739185118646,0.2617100926528201,0.1376739185118646
752,20200227,0.15029145530144494,0.28160294203784925,0.15029145530144494
753,20200226,0.1477170096580795,0.27191489771592914,0.1477170096580795
754,20200225,0.15628724694687546,0.2785301101842991,0.15628724694687546
755,20200224,0.1567459721829624,0.28646629732041307,0.1567459721829624
756,20200221,0.16079842957004326,0.28622815198589296,0.16079842957004326
757,20200220,0.17042429496141404,0.2862764655900851,0.17042429496141404
758,20200219,0.1425449569018643,0.27640851939622824,0.1425449569018643
759,20200218,0.14196001460668528,0.2783786144601565,0.14196001460668528
760,20200217,0.16479201524172002,0.2930290685289939,0.16479201524172002
761,20200214,0.13430929962542393,0.2699414513280852,0.13430929962542393
762,20200213,0.14096747169428947,0.2728627989353563,0.14096747169428947
763,20200212,0.15335509408471204,0.28354006173750373,0.15335509408471204
764,20200211,0.13085908734440763,0.27436310815160014,0.13085908734440763
765,20200210,0.13842279649175068,0.27877181742787543,0.13842279649175068
766,20200207,0.13936496242701263,0.2744346156352405,0.13936496242701263
767,20200206,0.1507640887553259,0.2788562694530091,0.1507640887553259
768,20200205,0.1408595055457959,0.2716095274696371,0.1408595055457959
769,20200204,0.14936257808056186,0.27002636551593806,0.14936257808056186
770,20200203,0.23642627655918322,0.2566649846380285,0.23642627655918322
771,20200123,0.11988091468000185,0.2603502663206437,0.11988091468000185
772,20200122,0.14248253428669855,0.27967566318917014,0.14248253428669855
773,20200121,0.11857973981952874,0.26656868868603484,0.11857973981952874
774,20200120,0.1502776066523803,0.28514157816992913,0.1502776066523803
775,20200117,0.12817955579831522,0.27433738612818287,0.12817955579831522
776,20200116,0.12488386147725257,0.2697863953492753,0.12488386147725257
777,20200115,0.12147679234584696,0.26713595697378323,0.12147679234584696
778,20200114,0.13178728010825452,0.2737994001438529,0.13178728010825452
779,20200113,0.14788517318555527,0.28110398905793654,0.14788517318555527
780,20200110,0.1227328997907664,0.27290020710432816,0.1227328997907664
781,20200109,0.13989196745840496,0.2882008742606499,0.13989196745840496
782,20200108,0.12077061691616277,0.26313423561099625,0.12077061691616277
783,20200107,0.13246753923707308,0.2810406105762487,0.13246753923707308
784,20200106,0.13929744840963257,0.2778862791457783,0.13929744840963257
785,20200103,0.14222394629151988,0.2736756726827444,0.14222394629151988
786,20200102,0.16986320679142528,0.2826183052610135,0.16986320679142528
787,20191231,0.12882973319417576,0.2678220006245696,0.12882973319417576
788,20191230,0.14515148381414203,0.26803811963105584,0.14515148381414203
789,20191227,0.127421700260782,0.26373610992941426,0.127421700260782
790,20191226,0.1252035588536712,0.2683410181049167,0.1252035588536712
791,20191225,0.12519646978737498,0.26559220729293537,0.12519646978737498
792,20191224,0.12385572663567515,0.26590765601430694,0.12385572663567515
793,20191223,0.1036543420086031,0.25040574078674405,0.1036543420086031
794,20191220,0.11349876995203499,0.2534626996876706,0.11349876995203499
795,20191219,0.1141017172277762,0.26264709058064173,0.1141017172277762
796,20191218,0.12463960554327431,0.2663861068032384,0.12463960554327431
797,20191217,0.14808949652445982,0.2748023705597863,0.14808949652445982
798,20191216,0.1440286223615342,0.27490706678649585,0.1440286223615342
799,20191213,0.14897803001049764,0.2700930911242841,0.14897803001049764
800,20191212,0.10972063485796744,0.25577749061973404,0.10972063485796744
801,20191211,0.10940498298676328,0.2539882058835272,0.10940498298676328
802,20191210,0.12824199467788583,0.25906238299143597,0.12824199467788583
803,20191209,0.11411491097004506,0.2621885916525501,0.11411491097004506
804,20191206,0.1139957417902243,0.26238358805881806,0.1139957417902243
805,20191205,0.12433122430279173,0.26691836876208375,0.12433122430279173
806,20191204,0.10844535850136397,0.25234014347202754,0.10844535850136397
807,20191203,0.10532769358522968,0.2510064026077859,0.10532769358522968
808,20191202,0.10262790441365946,0.25252858714202253,0.10262790441365946
809,20191129,0.10466325122299457,0.23962453820319848,0.10466325122299457
810,20191128,0.09163588161318441,0.2386921115941152,0.09163588161318441
811,20191127,0.11000989537032245,0.24880445147245903,0.11000989537032245
812,20191126,0.15614194820268285,0.24076638218962249,0.15614194820268285
813,20191125,0.11238650777135835,0.25281397233254976,0.11238650777135835
814,20191122,0.10570358152239095,0.24632158336326118,0.10570358152239095
815,20191121,0.09226278201731873,0.23614815242929332,0.09226278201731873
816,20191120,0.09887627497864944,0.24940969745243008,0.09887627497864944
817,20191119,0.12308199830905683,0.26470012944786836,0.12308199830905683
818,20191118,0.11051892736404252,0.24688446581834367,0.11051892736404252
819,20191115,0.10260471566277488,0.2485595552703917,0.10260471566277488
820,20191114,0.1173180682050482,0.25768276230100007,0.1173180682050482
821,20191113,0.10984236612865943,0.24490082727998896,0.10984236612865943
822,20191112,0.09174000583639985,0.24178135524568048,0.09174000583639985
823,20191111,0.08938611105984469,0.2344550425707176,0.08938611105984469
824,20191108,0.11435179669003727,0.2549138021565646,0.11435179669003727
825,20191107,0.1088207031675505,0.25621782137690663,0.1088207031675505
826,20191106,0.10274609034474003,0.25329611081969333,0.10274609034474003
827,20191105,0.12377496091917843,0.2622512634190504,0.12377496091917843
828,20191104,0.12594810274845591,0.2633302610545058,0.12594810274845591
829,20191101,0.1331604400491858,0.25467007430524663,0.1331604400491858
830,20191031,0.10366325480165475,0.24432393466592595,0.10366325480165475
831,20191030,0.11083700504312721,0.24436022936455445,0.11083700504312721
832,20191029,0.11515522274477108,0.24940152158407394,0.11515522274477108
833,20191028,0.1390014591364215,0.2675127291229535,0.1390014591364215
834,20191025,0.11756163572994073,0.256342952142407,0.11756163572994073
835,20191024,0.09963118272818679,0.24553911363417777,0.09963118272818679
836,20191023,0.09689213881951653,0.2450020605830367,0.09689213881951653
837,20191022,0.10450540400712953,0.2532869763061269,0.10450540400712953
838,20191021,0.09987188481476104,0.2419427405422614,0.09987188481476104
839,20191018,0.09391482645856249,0.23784015838361475,0.09391482645856249
840,20191017,0.10166960975750179,0.24514614045107572,0.10166960975750179
841,20191016,0.10952958365015644,0.246006142421492,0.10952958365015644
842,20191015,0.09970404886126787,0.24612221718698865,0.09970404886126787
843,20191014,0.1360723050508144,0.27387514267561935,0.1360723050508144
844,20191011,0.12456584067114429,0.2640776976549663,0.12456584067114429
845,20191010,0.12290072913156144,0.2648119955063441,0.12290072913156144
846,20191009,0.10708410043894764,0.25158228500967095,0.10708410043894764
847,20191008,0.10688440508580352,0.2520433722733681,0.10688440508580352
848,20190930,0.08899793029474758,0.23509093969270098,0.08899793029474758
849,20190927,0.10623044876818558,0.25466658744734616,0.10623044876818558
850,20190926,0.10209721729563792,0.2429631555041358,0.10209721729563792
851,20190925,0.10163506671974071,0.24658262379580204,0.10163506671974071
852,20190924,0.12301077090608505,0.26757055225436593,0.12301077090608505
853,20190923,0.10711683183311793,0.2507535079251759,0.10711683183311793
854,20190920,0.1397618957295267,0.25450914618956694,0.1397618957295267
855,20190919,0.11818704846235345,0.26440660337905036,0.11818704846235345
856,20190918,0.11180574889387221,0.25199110780083045,0.11180574889387221
857,20190917,0.09339797829649502,0.24252491496003942,0.09339797829649502
858,20190916,0.11903032023561669,0.2653984269373445,0.11903032023561669
859,20190912,0.12973451979297734,0.2655749951914396,0.12973451979297734
860,20190911,0.12472266413861106,0.2605466606681099,0.12472266413861106
861,20190910,0.11964799989820131,0.26278757614601006,0.11964799989820131
862,20190909,0.15090343160504174,0.2825267275935662,0.15090343160504174
863,20190906,0.1273311114102538,0.2635111994152687,0.1273311114102538
864,20190905,0.15702348865999796,0.2757184374982818,0.15702348865999796
865,20190904,0.1318301894439547,0.26647375790872396,0.1318301894439547
866,20190903,0.1219710917977947,0.26806513951324906,0.1219710917977947
867,20190902,0.13764373019535567,0.27404726631482185,0.13764373019535567
868,20190830,0.11311310733915522,0.2502066836991872,0.11311310733915522
869,20190829,0.1107589617000175,0.2531076023037588,0.1107589617000175
870,20190828,0.10847390445198406,0.25211181068691035,0.10847390445198406
871,20190827,0.14447816102228106,0.26893272879175917,0.14447816102228106
872,20190826,0.10957226075837874,0.2496515490840462,0.10957226075837874
873,20190823,0.11737118529427476,0.2548813490122282,0.11737118529427476
874,20190822,0.10405524758823174,0.25674293133770815,0.10405524758823174
875,20190821,0.10887847695278148,0.2555600093188391,0.10887847695278148
876,20190820,0.1114842995349692,0.25993920221823763,0.1114842995349692
877,20190819,0.1472156878370398,0.28056549889250876,0.1472156878370398
878,20190816,0.1204781156863992,0.2669149110724795,0.1204781156863992
879,20190815,0.10947619284995197,0.2530075580622791,0.10947619284995197
880,20190814,0.12115235213302882,0.26244042820552027,0.12115235213302882
881,20190813,0.09872994250204925,0.24776888714565282,0.09872994250204925
882,20190812,0.13317573902680657,0.2579119410524738,0.13317573902680657
883,20190809,0.0959212363848893,0.24492060939409036,0.0959212363848893
884,20190808,0.11489759314847145,0.2589340295771911,0.11489759314847145
885,20190807,0.10039196406899023,0.24363473862219517,0.10039196406899023
886,20190806,0.102283729314772,0.25040463349904535,0.102283729314772
887,20190805,0.1010419852370736,0.2510203986377759,0.1010419852370736
888,20190802,0.10455378232048397,0.25300620298189075,0.10455378232048397
889,20190801,0.09614130631339758,0.24667454555429044,0.09614130631339758
890,20190731,0.09260382985712634,0.243823809099601,0.09260382985712634
891,20190730,0.10731511945105919,0.26009240207352013,0.10731511945105919
892,20190729,0.10076432006506415,0.255181870400595,0.10076432006506415
893,20190726,0.11293118425362644,0.25368673405189346,0.11293118425362644
894,20190725,0.12673240869095181,0.2653763689746345,0.12673240869095181
895,20190724,0.12461563925064578,0.26124628349425744,0.12461563925064578
896,20190723,0.10324864422701245,0.2494448778465739,0.10324864422701245
897,20190722,0.09077126544313717,0.236672767138853,0.09077126544313717
898,20190719,0.10905242769109173,0.24657322518393637,0.10905242769109173
899,20190718,0.0955866073437564,0.23188158428489888,0.0955866073437564
900,20190717,0.11028759384365096,0.2503056472923303,0.11028759384365096
901,20190716,0.09971305933803831,0.2448984122917902,0.09971305933803831
902,20190715,0.11155981854103056,0.2537117814826378,0.11155981854103056
903,20190712,0.11071332877692563,0.251094418924971,0.11071332877692563
904,20190711,0.0961046603820635,0.2460332699050428,0.0961046603820635
905,20190710,0.08793394778285316,0.24100292057885855,0.08793394778285316
906,20190709,0.09928798482658209,0.24319304766518773,0.09928798482658209
907,20190708,0.09093449189255037,0.22852247995754205,0.09093449189255037
908,20190705,0.11535902907166364,0.25315629630039677,0.11535902907166364
909,20190704,0.10625918874095067,0.24870149508097844,0.10625918874095067
910,20190703,0.11114588706704531,0.24561590966506505,0.11114588706704531
911,20190702,0.11428769483746315,0.25983313043620093,0.11428769483746315
912,20190701,0.16685573008023416,0.2841729833082437,0.16685573008023416
913,20190628,0.09804220173436934,0.23335483431347967,0.09804220173436934
914,20190627,0.12964139804597813,0.26190130494312214,0.12964139804597813
915,20190626,0.10181622930258205,0.24760744418399533,0.10181622930258205
916,20190625,0.11297207326300623,0.24558237636112973,0.11297207326300623
917,20190624,0.11033283657253419,0.2526889692366108,0.11033283657253419
918,20190621,0.13312913536852874,0.26548020954324175,0.13312913536852874
919,20190620,0.1629314671010715,0.2657342273487394,0.1629314671010715
920,20190619,0.15417700163461653,0.26599503421370635,0.15417700163461653
921,20190618,0.09365850137038033,0.2311423738521356,0.09365850137038033
922,20190617,0.08935841707020095,0.23216184037684606,0.08935841707020095
923,20190614,0.08786651933575959,0.2333931189121855,0.08786651933575959
924,20190613,0.10509806349415181,0.2470464461691848,0.10509806349415181
925,20190612,0.10945442247740983,0.24356630020242023,0.10945442247740983
926,20190611,0.15766663692223903,0.2727986192332756,0.15766663692223903
927,20190610,0.11483230818638455,0.24789216602895264,0.11483230818638455
928,20190606,0.08615694521350263,0.22790079605492955,0.08615694521350263
929,20190605,0.11094880888338468,0.2467846028736182,0.11094880888338468
930,20190604,0.08915807021317278,0.230002367897557,0.08915807021317278
931,20190603,0.10032242053421654,0.23929185589037236,0.10032242053421654
932,20190531,0.10498977603466438,0.2449318228871419,0.10498977603466438
933,20190530,0.09486941919801117,0.23737398463498913,0.09486941919801117
934,20190529,0.11649897633065945,0.2521687121047519,0.11649897633065945
935,20190528,0.1255740250676431,0.2568478266015787,0.1255740250676431
936,20190527,0.11878051893901244,0.26747027708699705,0.11878051893901244
937,20190524,0.10151374195895671,0.24252193384557638,0.10151374195895671
938,20190523,0.10031123196111803,0.23508047873170626,0.10031123196111803
939,20190522,0.10295436193900666,0.2441613928774724,0.10295436193900666
940,20190521,0.12256711063313307,0.26429611237268386,0.12256711063313307
941,20190520,0.10663619971815934,0.24682905736456479,0.10663619971815934
942,20190517,0.09227094047963313,0.23607800992052896,0.09227094047963313
943,20190516,0.10848511276670365,0.2567681118024285,0.10848511276670365
944,20190515,0.13854559372305322,0.27175183458286356,0.13854559372305322
945,20190514,0.10353307231497687,0.2474744280918377,0.10353307231497687
946,20190513,0.09873540664030933,0.24314001075925296,0.09873540664030933
947,20190510,0.15068377020482615,0.27423151145525615,0.15068377020482615
948,20190509,0.10312854707434353,0.24322667891894942,0.10312854707434353
949,20190508,0.10566671453610409,0.25389214545421307,0.10566671453610409
950,20190507,0.12366009954363358,0.2619072616893,0.12366009954363358
951,20190506,0.12860348622203527,0.24640162809953017,0.12860348622203527
952,20190430,0.11522270834942216,0.2642694310672548,0.11522270834942216
953,20190429,0.1125553271292151,0.25809696727802284,0.1125553271292151
954,20190426,0.12243738411440469,0.26042480679194047,0.12243738411440469
955,20190425,0.1086892828037443,0.25432720343198245,0.1086892828037443
956,20190424,0.1360224639755373,0.26841424072132203,0.1360224639755373
957,20190423,0.12065549244974669,0.26250713039633494,0.12065549244974669
958,20190422,0.12840134765165107,0.26152443981184503,0.12840134765165107
959,20190419,0.13751036937398434,0.27061690496489926,0.13751036937398434
960,20190418,0.13330575492145721,0.26731115237911085,0.13330575492145721
961,20190417,0.14690794973976706,0.2793720344719925,0.14690794973976706
962,20190416,0.16159467995967652,0.2798523723951121,0.16159467995967652
963,20190415,0.14108676951466934,0.2740628310182345,0.14108676951466934
964,20190412,0.12086994189245488,0.2685644357716466,0.12086994189245488
965,20190411,0.12219503106838799,0.2635329388639156,0.12219503106838799
966,20190410,0.14853407763068552,0.2768485801479518,0.14853407763068552
967,20190409,0.13705987965139954,0.27840278732725093,0.13705987965139954
968,20190408,0.14973874362988385,0.27596457881499004,0.14973874362988385
969,20190404,0.16067011399433062,0.2831444712704651,0.16067011399433062
970,20190403,0.15634584085307088,0.28251569568307,0.15634584085307088
971,20190402,0.14749764145212274,0.2825721835280656,0.14749764145212274
972,20190401,0.1756099221896622,0.2968310439899546,0.1756099221896622
973,20190329,0.17024306968846908,0.2856124804648909,0.17024306968846908
974,20190328,0.12499326996691659,0.2639913424147711,0.12499326996691659
975,20190327,0.13038986187420035,0.2711334752338135,0.13038986187420035
976,20190326,0.10932078826899416,0.26105589339065555,0.10932078826899416
977,20190325,0.12600791834641692,0.2680128606432023,0.12600791834641692
978,20190322,0.1283990245771858,0.27121556190028473,0.1283990245771858
979,20190321,0.15553975379305568,0.28407421350663525,0.15553975379305568
980,20190320,0.12757972414296131,0.27198337356957797,0.12757972414296131
981,20190319,0.13163447604161446,0.2812945801605492,0.13163447604161446
982,20190318,0.16004380193143367,0.2919646438944456,0.16004380193143367
983,20190315,0.14595687291436032,0.28399750137146934,0.14595687291436032
984,20190314,0.12398596665489771,0.264589309815296,0.12398596665489771
985,20190313,0.13771004631221057,0.27047512251275413,0.13771004631221057
986,20190312,0.15878903602746583,0.2860042047185229,0.15878903602746583
987,20190311,0.16247405434892717,0.28996031049860543,0.16247405434892717
988,20190308,0.15518302889155666,0.2661258269388302,0.15518302889155666
989,20190307,0.15421844112919558,0.2788948288153139,0.15421844112919558
990,20190306,0.1556716130896322,0.28124098182394797,0.1556716130896322
991,20190305,0.1571443509784962,0.28530161148284533,0.1571443509784962
992,20190304,0.1787129996052436,0.28773697552804905,0.1787129996052436
993,20190301,0.15408327635205754,0.27432842597877527,0.15408327635205754
994,20190228,0.12589656339858896,0.2723774977865913,0.12589656339858896
995,20190227,0.14974661458123556,0.2714778511854864,0.14974661458123556
996,20190226,0.15363653513555722,0.27277047796951365,0.15363653513555722
997,20190225,0.1973885103600696,0.28728261023108537,0.1973885103600696
998,20190222,0.1600032634814764,0.2782492110892443,0.1600032634814764
999,20190221,0.12913927587323795,0.2689234240653961,0.12913927587323795
1000,20190220,0.11233073134731464,0.26534138713003413,0.11233073134731464
1001,20190219,0.12009204544166834,0.2692682763988651,0.12009204544166834
1002,20190218,0.14626450820356898,0.28479436504554645,0.14626450820356898
1003,20190215,0.1085603694130987,0.254837882710255,0.1085603694130987
1004,20190214,0.11477931016648403,0.2618035358799296,0.11477931016648403
1005,20190213,0.14238597893310243,0.2785353209588545,0.14238597893310243
1006,20190212,0.11231763370341627,0.26669727137482063,0.11231763370341627
1007,20190211,0.1271102758859416,0.2712085263462557,0.1271102758859416
1008,20190201,0.12403465317975275,0.26807563296115094,0.12403465317975275
1009,20190131,0.10725740707988195,0.2463227019962684,0.10725740707988195
1010,20190130,0.08569374271385158,0.23762143793105525,0.08569374271385158
1011,20190129,0.08765818027905595,0.2346742968857325,0.08765818027905595
1012,20190128,0.09921842762307663,0.2437502987106807,0.09921842762307663
1013,20190125,0.10834413650041462,0.2482930570504925,0.10834413650041462
1014,20190124,0.0996260123727974,0.24833380589469428,0.0996260123727974
1015,20190123,0.08605880673630308,0.2324488593480106,0.08605880673630308
1016,20190122,0.0797851124775059,0.2302813738162516,0.0797851124775059
1017,20190121,0.10690143763932186,0.25502211582443635,0.10690143763932186
1018,20190118,0.11866842578854217,0.25186485882761855,0.11866842578854217
1019,20190117,0.08966566259084661,0.23253988804505832,0.08966566259084661
1020,20190116,0.08702708216955658,0.24172400749070497,0.08702708216955658
1021,20190115,0.11039864201587811,0.2522083882027374,0.11039864201587811
1022,20190114,0.07685039171911397,0.22482229942284107,0.07685039171911397
1023,20190111,0.0908717213217239,0.24219173163283203,0.0908717213217239
1024,20190110,0.08730028332623085,0.23271415122961978,0.08730028332623085
1025,20190109,0.11656494411415808,0.25530628565316715,0.11656494411415808
1026,20190108,0.08415116601857522,0.23444641082107784,0.08415116601857522
1027,20190107,0.09645355854438098,0.2564800769977052,0.09645355854438098
1028,20190104,0.12125744036326072,0.2544682777108162,0.12125744036326072
1029,20190103,0.07497640313932426,0.2210979111394918,0.07497640313932426
1030,20190102,0.07728968540396665,0.22109190078079166,0.07728968540396665
1031,20181228,0.09283683190375876,0.22370856499849007,0.09283683190375876
1032,20181227,0.08445270042823333,0.22372573215224142,0.08445270042823333
1033,20181226,0.07503030290493087,0.21434286752638565,0.07503030290493087
1034,20181225,0.07279781265609264,0.21787838758082365,0.07279781265609264
1035,20181224,0.0808898073276155,0.2246507666724434,0.0808898073276155
1036,20181221,0.08056777940570506,0.22523883722085916,0.08056777940570506
1037,20181220,0.07943996743155068,0.22688437782069087,0.07943996743155068
1038,20181219,0.06555501856004269,0.20876697838481784,0.06555501856004269
1039,20181218,0.062001446709577766,0.21247446289512636,0.062001446709577766
1040,20181217,0.07050589648604319,0.21880304522824254,0.07050589648604319
1041,20181214,0.06780949747253899,0.21729286674125006,0.06780949747253899
1042,20181213,0.1109841300198097,0.2563299348872933,0.1109841300198097
1043,20181212,0.0727322096847058,0.23253356997407723,0.0727322096847058
1044,20181211,0.07375862426913553,0.23150832347188333,0.07375862426913553
1045,20181210,0.07375622769031315,0.22271105861806692,0.07375622769031315
1046,20181207,0.07769321720993995,0.2347175162556078,0.07769321720993995
1047,20181206,0.07903870839400857,0.22714112486400065,0.07903870839400857
1048,20181205,0.08933086034549122,0.2442442188881145,0.08933086034549122
1049,20181204,0.09282952998733794,0.24811049594254858,0.09282952998733794
1050,20181203,0.13786473986725462,0.2773723664269442,0.13786473986725462
1051,20181130,0.08212344506180483,0.23439393975907513,0.08212344506180483
1052,20181129,0.08035724193344242,0.23038425987166564,0.08035724193344242
1053,20181128,0.08958435050449289,0.2491630807288366,0.08958435050449289
1054,20181127,0.07824792718146051,0.2315400173207843,0.07824792718146051
1055,20181126,0.0803588085241665,0.22854003158352953,0.0803588085241665
1056,20181123,0.0687211908554457,0.21967644934956693,0.0687211908554457
1057,20181122,0.0829435705708419,0.24000021897377616,0.0829435705708419
1058,20181121,0.0958541367157344,0.24654963534092617,0.0958541367157344
1059,20181120,0.09141626952010964,0.23652358869130813,0.09141626952010964
1060,20181119,0.10526886353900122,0.25690494810140035,0.10526886353900122
1061,20181116,0.11718198328475621,0.2635799001090979,0.11718198328475621
1062,20181115,0.1067580578424588,0.2618412511762673,0.1067580578424588
1063,20181114,0.09133246627549493,0.24726219784803713,0.09133246627549493
1064,20181113,0.11261083084435444,0.26567241617014853,0.11261083084435444
1065,20181112,0.10937954757583714,0.2656464470520823,0.10937954757583714
1066,20181109,0.09098896015139107,0.23063232350378804,0.09098896015139107
1067,20181108,0.08502062846741461,0.23866502370508824,0.08502062846741461
1068,20181107,0.09971873152859018,0.24787231154020947,0.09971873152859018
1069,20181106,0.09148667296913444,0.2338789121417813,0.09148667296913444
1070,20181105,0.09734633906184766,0.24917727476749527,0.09734633906184766
1071,20181102,0.16659512931539414,0.2858981690946723,0.16659512931539414
1072,20181101,0.123976584741836,0.2641214231546027,0.123976584741836
1073,20181031,0.11177915392413255,0.2644621056662994,0.11177915392413255
1074,20181030,0.12904209517878232,0.25569805250965205,0.12904209517878232
1075,20181029,0.0986879616780547,0.23012882559734074,0.0986879616780547
1076,20181026,0.0961468395622201,0.24161357057155283,0.0961468395622201
1077,20181025,0.10551493090385321,0.24376708890264762,0.10551493090385321
1078,20181024,0.11131461625798712,0.24795155074660316,0.11131461625798712
1079,20181023,0.10816972480773382,0.239550004238271,0.10816972480773382
1080,20181022,0.17130197722861196,0.27651371127143237,0.17130197722861196
1081,20181019,0.13505331394018885,0.25610488041303486,0.13505331394018885
1082,20181018,0.08057147847961592,0.22121936389388203,0.08057147847961592
1083,20181017,0.08814979350589879,0.2369485606202065,0.08814979350589879
1084,20181016,0.07840517090626621,0.22186949674694814,0.07840517090626621
1085,20181015,0.08040847619592095,0.23271223976769378,0.08040847619592095
1086,20181012,0.09612358862259542,0.25061570624083707,0.09612358862259542
1087,20181011,0.09755532552274644,0.2357154490970122,0.09755532552274644
1088,20181010,0.09301656097755659,0.24378244402975194,0.09301656097755659
1089,20181009,0.08750300308488543,0.24211913425013643,0.08750300308488543
1090,20181008,0.0988444623906315,0.2384123198611722,0.0988444623906315
1091,20180928,0.11388311932138481,0.2659024416601233,0.11388311932138481
1092,20180927,0.08879032740060269,0.24357945114602914,0.08879032740060269
1093,20180926,0.12547842498278006,0.2751880452298776,0.12547842498278006
1094,20180925,0.09736250930664897,0.25008812229924615,0.09736250930664897
1095,20180921,0.15170032920703125,0.26970073585376386,0.15170032920703125
1096,20180920,0.09468058252810468,0.2508229304408374,0.09468058252810468
1097,20180919,0.12612083351121622,0.2774255799032003,0.12612083351121622
1098,20180918,0.1139523502696871,0.26111116709686466,0.1139523502696871
1099,20180917,0.07017073999935479,0.22312143292574999,0.07017073999935479
1100,20180914,0.0866694028434689,0.24345222848970074,0.0866694028434689
1101,20180913,0.1017482514256491,0.2554250695207448,0.1017482514256491
1102,20180912,0.07631734037751213,0.23955125876865035,0.07631734037751213
1103,20180911,0.07999639811591829,0.24089988926574707,0.07999639811591829
1104,20180910,0.07854294402290127,0.22932856201422883,0.07854294402290127
1105,20180907,0.09430865535830087,0.25119206035969593,0.09430865535830087
1106,20180906,0.0901504660486406,0.2358604121770073,0.0901504660486406
1107,20180905,0.08111837942412253,0.2357029962317891,0.08111837942412253
1108,20180904,0.10754446888566757,0.2619754296311114,0.10754446888566757
1109,20180903,0.08278156863107829,0.23690734704295552,0.08278156863107829
1110,20180831,0.09860306982124742,0.24031128326449158,0.09860306982124742
1111,20180830,0.07751027083335332,0.23324233870838976,0.07751027083335332
1112,20180829,0.0853160772781755,0.24340699397190407,0.0853160772781755
1113,20180828,0.09681994113022223,0.25939388581370926,0.09681994113022223
1114,20180827,0.14101901204779704,0.2831620033214502,0.14101901204779704
1115,20180824,0.10341495822704926,0.24728020361388536,0.10341495822704926
1116,20180823,0.10522248262023075,0.25389551447475656,0.10522248262023075
1117,20180822,0.08544298795027286,0.23440961832303397,0.08544298795027286
1118,20180821,0.12029246064357875,0.26908914589722177,0.12029246064357875
1119,20180820,0.09475851062844479,0.2504372419824995,0.09475851062844479
1120,20180817,0.08690473421717554,0.24047188858839508,0.08690473421717554
1121,20180816,0.09115804082638605,0.24501882005258124,0.09115804082638605
1122,20180815,0.07930826341851129,0.22539793156461535,0.07930826341851129
1123,20180814,0.08087456660063927,0.2421880995056185,0.08087456660063927
1124,20180813,0.09693914025018162,0.25779908966866033,0.09693914025018162
1125,20180810,0.09541344539983844,0.2604848718819189,0.09541344539983844
1126,20180809,0.13321441503607112,0.28066301018131906,0.13321441503607112
1127,20180808,0.08485271857615578,0.24663172624263538,0.08485271857615578
1128,20180807,0.11806464041876864,0.2753093269995987,0.11806464041876864
1129,20180806,0.0914865837899739,0.2501213548964621,0.0914865837899739
1130,20180803,0.09112506747369796,0.25030486525051554,0.09112506747369796
1131,20180802,0.09043988709047095,0.2491629695959673,0.09043988709047095
1132,20180801,0.09346631485405793,0.2504791755926647,0.09346631485405793
1133,20180731,0.09215342905317003,0.2506208054823805,0.09215342905317003
1134,20180730,0.08679614384580325,0.24978299673643306,0.08679614384580325
1135,20180727,0.08932978226214355,0.24951643799877554,0.08932978226214355
1136,20180726,0.09300380333634506,0.2521944310986125,0.09300380333634506
1137,20180725,0.10933825572824564,0.26409023850687885,0.10933825572824564
1138,20180724,0.15073977483091522,0.2864847599695056,0.15073977483091522
1139,20180723,0.1366455789418981,0.2818495220549251,0.1366455789418981
1140,20180720,0.13950891739642807,0.2703055015912209,0.13950891739642807
1141,20180719,0.09399290859557331,0.2506896393872314,0.09399290859557331
1142,20180718,0.09453606834308058,0.25063187930296993,0.09453606834308058
1143,20180717,0.09283650109459408,0.24828237120178076,0.09283650109459408
1144,20180716,0.09428156731841505,0.252957666206447,0.09428156731841505
1145,20180713,0.10773563729009196,0.2595624894617464,0.10773563729009196
1146,20180712,0.1477464488692339,0.2844716175345517,0.1477464488692339
1147,20180711,0.08588648124894722,0.2372288099557134,0.08588648124894722
1148,20180710,0.09558658310633668,0.2608947540635046,0.09558658310633668
1149,20180709,0.12663903013042113,0.27516510973696134,0.12663903013042113
1150,20180706,0.11090757734617437,0.26288659864769,0.11090757734617437
1151,20180705,0.11091184307168594,0.24711426811820278,0.11091184307168594
1152,20180704,0.08495154748659321,0.23793098350854616,0.08495154748659321
1153,20180703,0.11219939116152829,0.26503341587312373,0.11219939116152829
1154,20180702,0.09211109990678396,0.2425119742524424,0.09211109990678396
1155,20180629,0.13028609107926692,0.2767282150286707,0.13028609107926692
1156,20180628,0.10222943834804638,0.24865642491334933,0.10222943834804638
1157,20180627,0.09998410950935725,0.24738027032443405,0.09998410950935725
1158,20180626,0.11339749397539696,0.25887749065857135,0.11339749397539696
1159,20180625,0.10631215120891156,0.2472794292590563,0.10631215120891156
1160,20180622,0.11483385961450274,0.25491781305426603,0.11483385961450274
1161,20180621,0.10189850017723129,0.25543603431444756,0.10189850017723129
1162,20180620,0.11255511482818048,0.26192706240506786,0.11255511482818048
1163,20180619,0.1896996842232215,0.24704471290687213,0.1896996842232215
1164,20180615,0.10397325453468251,0.2546860608189348,0.10397325453468251
1165,20180614,0.10537853702360526,0.2572675159470864,0.10537853702360526
1166,20180613,0.10421781133422169,0.24969274131978747,0.10421781133422169
1167,20180612,0.12543673481252576,0.2660321962337228,0.12543673481252576
1168,20180611,0.10645651004969002,0.25762611014853043,0.10645651004969002
1169,20180608,0.09049528921805226,0.25100116205840817,0.09049528921805226
1170,20180607,0.11481536546944954,0.26074939533727703,0.11481536546944954
1171,20180606,0.104423949360072,0.2631507941963824,0.104423949360072
1172,20180605,0.1391521214853281,0.2767363745157993,0.1391521214853281
1173,20180604,0.12545275591626281,0.26291962167426525,0.12545275591626281
1174,20180601,0.09579938429672838,0.2558374565138608,0.09579938429672838
1175,20180531,0.13585638116282125,0.2720967128343609,0.13585638116282125
1176,20180530,0.10213572420250269,0.25320149001460623,0.10213572420250269
1177,20180529,0.11463666846893635,0.2645422229078203,0.11463666846893635
1178,20180528,0.09873676170912692,0.26216792792290045,0.09873676170912692
1179,20180525,0.0932049215805305,0.2527826224106631,0.0932049215805305
1180,20180524,0.09707043667764466,0.2592835585754712,0.09707043667764466
1181,20180523,0.09767447524614,0.25924843343850607,0.09767447524614
1182,20180522,0.10074867112414967,0.26872215237323865,0.10074867112414967
1183,20180521,0.1273083206304898,0.2829489428575277,0.1273083206304898
1184,20180518,0.11320793978664107,0.2720353548460401,0.11320793978664107
1185,20180517,0.09498157000642268,0.26332733270350983,0.09498157000642268
1186,20180516,0.11131949448631966,0.2740041566278371,0.11131949448631966
1187,20180515,0.1155780429100254,0.2771364815441309,0.1155780429100254
1188,20180514,0.11403741977837699,0.26890823822310045,0.11403741977837699
1189,20180511,0.11047813989498233,0.26672447902677543,0.11047813989498233
1190,20180510,0.1085269654273307,0.2710886342010482,0.1085269654273307
1191,20180509,0.09734048873671967,0.2641856525802519,0.09734048873671967
1192,20180508,0.13458088584492542,0.2799420747228585,0.13458088584492542
1193,20180507,0.1432010281519384,0.28928399443680086,0.1432010281519384
1194,20180504,0.10456770059292793,0.2664745338244979,0.10456770059292793
1195,20180503,0.12113983092207102,0.27811311832938984,0.12113983092207102
1196,20180502,0.11653152472435785,0.2739701935902225,0.11653152472435785
1197,20180427,0.13852934401324238,0.27269526495567725,0.13852934401324238
1198,20180426,0.11159448292386491,0.25833543949955196,0.11159448292386491
1199,20180425,0.11288263057715915,0.2719626951585726,0.11288263057715915
1200,20180424,0.15471896335448332,0.2909100207680559,0.15471896335448332
1201,20180423,0.10949191852520605,0.265905013915506,0.10949191852520605
1202,20180420,0.11438482905268975,0.2593721037124964,0.11438482905268975
1203,20180419,0.12629963057347385,0.2802607551611089,0.12629963057347385
1204,20180418,0.13817812776683483,0.28416372880157426,0.13817812776683483
1205,20180417,0.10639646419056803,0.2625683671413109,0.10639646419056803
1206,20180416,0.12130908568403187,0.27169387779555365,0.12130908568403187
1207,20180413,0.09855436482746086,0.26684895083349497,0.09855436482746086
1208,20180412,0.10152793149419845,0.26284394360772234,0.10152793149419845
1209,20180411,0.1281620350519989,0.2816785105243389,0.1281620350519989
1210,20180410,0.12625448830361627,0.2754529846397986,0.12625448830361627
1211,20180409,0.11545489685122315,0.2753254438303486,0.11545489685122315
1212,20180404,0.12195695706835605,0.2745744731108955,0.12195695706835605
1213,20180403,0.11317387912669026,0.2709956766220925,0.11317387912669026
1214,20180402,0.1320365624016598,0.2834925267121173,0.1320365624016598
1215,20180330,0.1407193974129226,0.290593760217332,0.1407193974129226
1216,20180329,0.1370765866774748,0.2838728583677865,0.1370765866774748
1217,20180328,0.1304124460954044,0.2718462889427601,0.1304124460954044
1218,20180327,0.1451022279233558,0.2880006099348352,0.1451022279233558
1219,20180326,0.13490150781045424,0.2814869549869104,0.13490150781045424
1220,20180323,0.1565906066088918,0.2575232041909971,0.1565906066088918
1221,20180322,0.12482004797457369,0.26292194175485656,0.12482004797457369
1222,20180321,0.12656422985775986,0.2683597157578165,0.12656422985775986
1223,20180320,0.12271621537986019,0.2686995915771263,0.12271621537986019
1224,20180319,0.12791868742135892,0.27360633437665255,0.12791868742135892
1225,20180316,0.12194142783270596,0.26975631387656607,0.12194142783270596
1226,20180315,0.12012210702367053,0.26488756334261854,0.12012210702367053
1227,20180314,0.11705204091012339,0.26849132970769635,0.11705204091012339
1228,20180313,0.11846058618586154,0.2723595831609733,0.11846058618586154
1229,20180312,0.14857798718013426,0.29139199215531303,0.14857798718013426
1230,20180309,0.14561037396649146,0.2899078505027421,0.14561037396649146
1231,20180308,0.12968141201510083,0.2769281531633586,0.12968141201510083
1232,20180307,0.11864047079270774,0.26751936573548546,0.11864047079270774
1233,20180306,0.1413920535183803,0.28482907191200807,0.1413920535183803
1234,20180305,0.12733812931175217,0.27292678404681164,0.12733812931175217
1235,20180302,0.12546954339964636,0.27399500236662633,0.12546954339964636
1236,20180301,0.1469697714165736,0.2831461136430417,0.1469697714165736
1237,20180228,0.14110564620081156,0.28017837196137135,0.14110564620081156
1238,20180227,0.14925775475798303,0.27707957945455675,0.14925775475798303
1239,20180226,0.1691579146114022,0.2905197439140951,0.1691579146114022
1240,20180223,0.14765240226783324,0.2781593050700242,0.14765240226783324
1241,20180222,0.17619725036638517,0.2893668523936824,0.17619725036638517
1242,20180214,0.14259237826703242,0.272292504168842,0.14259237826703242
1243,20180213,0.17106898978841353,0.28393595213244954,0.17106898978841353
1244,20180212,0.17440915722842798,0.29404692208848066,0.17440915722842798
1245,20180209,0.19425103347371564,0.2616195808241872,0.19425103347371564
1246,20180208,0.17904371317616993,0.28435198310337206,0.17904371317616993
1247,20180207,0.20510641116865172,0.27715104989657446,0.20510641116865172
1248,20180206,0.2335365015141213,0.25614596664953876,0.2335365015141213
1249,20180205,0.20177505274862742,0.2848537813335847,0.20177505274862742
1250,20180202,0.1809844370352344,0.2840336884537554,0.1809844370352344
1251,20180201,0.19275829964155716,0.2668341380701011,0.19275829964155716
1252,20180131,0.15589692295286198,0.26940558361832173,0.15589692295286198
1253,20180130,0.15653779828747136,0.280465524905686,0.15653779828747136
1254,20180129,0.16948986605314942,0.27406835403137286,0.16948986605314942
1255,20180126,0.1843282877775853,0.2750218663433967,0.1843282877775853
1256,20180125,0.17688998312912957,0.28356791561686256,0.17688998312912957
1257,20180124,0.19886084435322585,0.2857095920183112,0.19886084435322585
1258,20180123,0.20377736076280545,0.28245004903484977,0.20377736076280545
1259,20180122,0.18387238710087075,0.2865798278764469,0.18387238710087075
1260,20180119,0.2011602419423467,0.27871498564882835,0.2011602419423467
1261,20180118,0.1988783018310455,0.2796335839936491,0.1988783018310455
1262,20180117,0.19078859410766666,0.2800112053754991,0.19078859410766666
1263,20180116,0.18674974447621845,0.283739469517872,0.18674974447621845
1264,20180115,0.17751891846583687,0.2734398601054416,0.17751891846583687
1265,20180112,0.15969840348637507,0.27433815145975854,0.15969840348637507
1266,20180111,0.15735078027207589,0.2836580263767564,0.15735078027207589
1267,20180110,0.16845608704237008,0.2788359752735135,0.16845608704237008
1268,20180109,0.16276742188147664,0.28396542670258773,0.16276742188147664
1269,20180108,0.182241799350129,0.28897549531630773,0.182241799350129
1270,20180105,0.17159836132027714,0.2804210862953597,0.17159836132027714
1271,20180104,0.16883543997185257,0.2825733173347105,0.16883543997185257
1272,20180103,0.17243364176920595,0.2901528434116516,0.17243364176920595
1273,20180102,0.1844990058408226,0.289641483618757,0.1844990058408226
